{"cameraMode":{"drawMode":0,"name":"Shaded","section":"Shading Mode"},"sceneLighting":true,"audioPlay":false,"sceneViewState":{"m_AlwaysRefresh":false,"showFog":true,"showSkybox":true,"showFlares":true,"showImageEffects":true,"showParticleSystems":true,"showVisualEffectGraphs":true,"m_FxEnabled":true},"in2DMode":false,"pivot":{"x":171.37612915039063,"y":243.92575073242188,"z":5.18328857421875},"rotation":{"x":-0.027899280190467836,"y":0.003886941820383072,"z":-0.00010004721843870357,"w":-0.9997326135635376},"size":282.8431396484375,"orthographic":false}