{"cameraMode":{"drawMode":0,"name":"Shaded","section":"Shading Mode"},"sceneLighting":true,"audioPlay":false,"sceneViewState":{"m_AlwaysRefresh":false,"showFog":true,"showSkybox":true,"showFlares":true,"showImageEffects":true,"showParticleSystems":true,"showVisualEffectGraphs":true,"m_FxEnabled":true},"in2DMode":false,"pivot":{"x":6.611323833465576,"y":-10.796541213989258,"z":58.00454330444336},"rotation":{"x":-0.1072036400437355,"y":-0.020451171323657037,"z":0.0018065056065097452,"w":-0.9942891597747803},"size":28.888734817504884,"orthographic":false}